Designator,MIDX,MIDY,Layer,Rotation
C1,83.4,-146,top,-90
C2,73.95,-168.8,top,90
C3,84.6,-146,top,-90
C4,78.35,-155.05,top,180
C5,84.2,-138.4,top,90
C6,83.35,-168.3,top,90
C7,94.65,-141.8,top,90
C8,89.75,-149.35,top,0
C9,86.85,-149.35,top,0
C10,89.8,-152.8,top,0
C11,89.8,-151.7,top,180
C12,81.7,-138.7,top,180
C13,80.6,-137.6,top,90
C14,83.1,-138.7,top,0
C15,82.8,-137.6,top,90
C16,94.65,-144.6,top,90
C17,93.7,-151.449999,top,-90
C18,95.8,-164.8,top,90
C19,88.4,-160.8,top,180
C20,95.9,-151.449999,top,90
C21,94.8,-164.8,top,-90
C22,77.836764,-109.4975,top,0
C23,72.900092,-112.8575,top,-90
C24,107.175,-168.275,top,0
C25,87.7,-147.2,top,0
C26,83.624365,-171.325,top,90
C27,91.624365,-171.325,top,90
C28,87.7,-148.1,top,0
C29,88.4,-159.75,top,180
C30,87.624365,-171.325,top,90
C31,87.2,-162.4,top,180
C32,157.109341,-123.3468,top,90
C33,157.109341,-130.0143,top,-90
C34,89.7,-138,top,90
C35,88.8,-138,top,90
C36,87.9,-138,top,90
C37,87,-138.4,top,90
C39,128.021919,-163.351347,top,180
C40,123.553559,-162.633456,top,-90
C41,90.15,-146.85,top,180
C42,91.45,-138.5,top,90
C43,125.964575,-162.633456,top,-90
C44,106.45,-165.65,top,90
C45,108.2,-166,top,180
C46,93.65,-142.85,top,90
C47,109.15,-159.8,top,180
C48,109.15,-162.65,top,0
C49,92.35,-141.4,top,180
C50,83.1,-163.25,top,0
C51,89.2,-154.8,top,90
C52,79.35,-163.85,top,0
C53,77.25,-168.5,top,180
C54,90.95,-155.85,top,0
C55,81.25,-162.05,top,0
C56,89.9,-157.6,top,-90
C57,81.25,-161,top,0
C58,76.45,-162.9,top,0
C59,81.7,-158,top,180
C60,81.25,-159.95,top,180
C61,87.8,-156.9,top,90
C62,75.6,-158,top,-90
C63,77.45,-160.8,top,180
C64,71.45,-160.9,top,180
C65,77.45,-159.75,top,180
C66,77.45,-161.85,top,0
C67,80.7,-142.15,top,90
C68,74.65,-160.9,top,180
C69,73.65,-162.25,top,-90
C70,81.05,-140.75,top,90
C71,105,-145,top,180
C72,115.4,-158.5,top,0
C73,108.1,-145,top,180
C74,109.8,-149,top,180
C75,110.1,-145,top,0
C76,109.8,-153.5,top,180
C77,106.4,-136,top,0
C78,80.6,-166.15,top,180
C79,102.9,-138.3,top,90
C80,66.4,-117.9,top,-90
C81,63.3,-136.8,top,180
C82,102.9,-140.45,top,90
C83,102.6,-142.1,top,180
C84,99.8,-158.3,top,-90
C85,99.45,-160.9,top,180
C86,101.55,-165.65,top,-90
C87,103.55,-165.65,top,-90
C88,105.05,-165.65,top,-90
C89,108.8,-163.7,top,90
C90,108.8,-160.95,top,90
C91,85.35,-154.1,top,180
C92,105.95,-155.95,top,90
C93,105.15,-155.95,top,90
C94,102.15,-156.3,top,180
C95,75.15,-165.4,top,180
C96,86.05,-156.2,top,0
C97,102.6,-143.61,top,180
C98,102.9,-144.7,top,-90
C99,99.45,-159.5,top,180
C100,103.9,-145.3,top,-90
C101,83.6,-154.45,top,-90
C102,99.45,-160.2,top,180
C103,83.95,-156.2,top,0
C104,99.45,-162,top,180
C105,88.561538,-115.01,top,180
C106,109.15,-159.1,top,0
C107,115.4,-153.5,top,180
C108,115.4,-149,top,180
C109,86.1,-138.4,top,90
C110,63.3,-141.3,top,180
C111,99.45,-162.7,top,180
C112,71,-162.9,top,180
C113,115.24895,-163.437128,top,90
C114,90.35,-142.7,top,90
C115,111,-161.75,top,180
C117,102.531183,-118.010986,top,180
C118,161.026788,-143.098232,top,0
C119,112.216372,-166.566034,top,180
C120,112.216372,-168.173378,top,180
C121,116,-171.741738,top,-90
C122,117.927856,-171.741738,top,-90
C123,111.9,-141,top,-90
C124,63.3,-145.9,top,180
C125,147.025,-115.325,top,-90
C126,143.225,-107.625,top,90
C127,142.645989,-111.2118,top,180
C128,147.935395,-132.645714,top,90
C129,157.835,-138.296409,top,0
C130,148.733342,-150.785932,top,-90
C131,139.341996,-144.3,top,180
C132,139.325,-139.175,top,180
C133,146.073519,-132.645714,top,90
C134,150.595218,-150.785932,top,-90
C135,157.835,-144.965607,top,0
C136,157.835,-146.566215,top,0
C137,157.835,-136.695802,top,0
C138,146.95,-150.725,top,-90
C140,65.800303,-132.410775,top,0
C141,113.3,-147.1,top,0
C142,111.75,-153.85,top,90
C143,158.028864,-118.8318,top,0
C144,157.301793,-159.36597,top,180
C145,156.6,-107.7,top,-90
C146,157.387911,-111.5293,top,180
C147,150.25838,-118.7468,top,-90
C148,118.025183,-123.598986,top,-90
C149,119.549183,-121.058986,top,0
C150,112.691183,-112.676986,top,90
C151,169.114,-120.151,top,90
C152,167.189,-120.951,top,180
C153,85.77415,-108.3882,top,-90
C154,89.44392,-111.75,top,90
C155,129.629263,-172.191738,top,0
C156,107.7,-147.1,top,0
C157,152.457094,-128.110659,top,90
C158,150.329235,-128.110659,top,90
C159,106.15,-153.85,top,90
C160,76.3,-153.8,top,90
C161,79.55,-158.25,top,180
C162,63.3,-132.1,top,180
C163,79.267717,-106.755,top,180
C164,161.026788,-140.69732,top,0
C165,138.456927,-106.3393,top,90
C166,94.947745,-105.8918,top,180
C167,98.073464,-110.5693,top,-90
C168,130.165044,-170.048613,top,0
C169,105.99392,-106.425,top,0
C170,105.99392,-103.885,top,0
C171,69.5,-169.2,top,-90
C172,134.290731,-106.9743,top,-90
C173,128.775,-111.3875,top,-90
C174,111.929183,-112.676986,top,90
C175,123.794052,-104.5193,top,180
C176,108.119183,-117.248986,top,180
C177,109.389183,-112.676986,top,90
C178,110.151183,-112.676986,top,90
C179,119.549183,-119.534986,top,0
C180,129.575,-116.7125,top,90
C181,127.025,-109.0625,top,180
C182,132,-111.2125,top,-90
C183,108.119183,-119.280986,top,180
C184,131.726919,-106.9743,top,-90
C185,108.119183,-120.042986,top,180
C186,116.4,-141.6,top,-90
C187,111.3,-135,top,180
C189,82.1,-151.7,top,180
C190,73.05,-143.05,top,90
C192,75.45,-144.45,top,90
C193,77.75,-143.35,top,-90
C194,77.9,-142,top,0
C196,119.549183,-118.772986,top,0
C197,122.597183,-110.898986,top,0
C198,88.25,-143.4,top,-90
C199,128.021919,-167.101816,top,0
C200,71.6,-157.2,top,180
C201,80.05,-153.375,top,0
C202,90.2,-140.95,top,180
C203,90.2,-144.45,top,0
C204,100.55,-136.65,top,90
C205,108.119183,-117.947782,top,180
C206,80.8,-169.65,top,0
C208,86.45,-165.55,top,-90
C209,83.6,-162.45,top,0
C211,75.45,-138.85,top,-90
C212,96.024365,-171.975,top,-90
D1,66.5,-161.2,top,-90
D2,61.27,-135.122,top,90
D3,172.9,-165.2,top,-90
D4,61.27,-139.694,top,90
D5,61.27,-144.266,top,90
D6,61.27,-148.838,top,90
D7,61.27,-117.9,top,90
D8,61.27,-130.55,top,90
D9,175.5,-151.5,top,0
D10,69.5,-167.6,top,-90
D11,158.946342,-115.186628,top,0
D12,155.377933,-116.1218,top,0
D13,158.946342,-116.774128,top,0
D14,72.85,-161.25,top,-90
D15,73.65,-161.1,top,90
D16,167.301956,-114.5,top,-90
D17,169.151956,-105.5882,top,90
D18,166.417967,-129.976932,top,0
FB1,154.283622,-118.7643,top,0
FB2,98.14394,-106.6618,top,-90
FB3,83.534389,-112.085,top,180
FB4,130.05,-111.2875,top,90
FB5,102.780584,-105.6075,top,90
FB6,105.833183,-117.502986,top,180
FB7,133.508825,-103.8168,top,180
FB8,107.865183,-111.406986,top,-90
FL1,167.789,-124.551,top,0
FL2,91.9,-163.25,top,180
FL3,94.8,-158.6,top,90
J1,177.35,-124,top,90
L2,89.55,-139.75,top,180
L3,88.95,-142,top,-90
L4,77.1,-166.6,top,90
L5,84.55,-165.25,top,180
L6,88.25,-142,top,-90
L8,90.25,-155.15,top,180
L9,98.4,-162.35,top,90
L10,146.875,-109.55,top,180
L11,153.1,-109.225,top,180
L12,77,-156.6,top,-90
L13,69.45,-161.75,top,90
L14,90.6,-156.9,top,90
L15,88.85,-157.25,top,0
L16,84.3,-153.75,top,90
L17,85,-156.55,top,-90
L18,83.25,-155.5,top,180
L19,69.9,-164.9,top,90
L21,116.25,-151.6,top,-90
L22,114.55,-151.6,top,-90
L23,110.65,-151.6,top,-90
L24,108.95,-151.6,top,-90
L26,75.1,-154.65,top,-90
L27,74.25,-144.3,top,-90
L28,75.8,-145.5,top,0
L29,89.55,-145.65,top,180
L30,88.95,-143.4,top,90
L31,77.25,-164,top,0
L32,82.3,-165.45,top,180
L33,78.05,-140.1,top,90
L34,75.8,-142,top,180
P1,178.5,-163,top,180
P2,178.5,-145,top,180
P3,61.5,-161,top,0
P20,173.03,-155.95,top,180
P22,167.95,-163.57,top,-90
P28,124.77,-155.95,top,180
Q1,74.65,-164.1,top,0
Q3,83.433913,-107.9075,top,-90
Q4,163.976956,-110.3382,top,-90
Q5,171.75,-112.9,top,0
Q6,131.35,-114.9125,top,180
Q7,127.6625,-114.0375,top,-90
Q9,168.2375,-110.075,top,90
Q10,175.725,-112.05,top,-90
R1,81.7,-138,top,0
R2,81.7,-137.3,top,180
R3,83.5,-137.6,top,90
R4,85.4,-138.4,top,-90
R5,90.55,-137.95,top,90
R6,128.05,-138.1,top,180
R7,66.7,-130.5,top,-90
R8,99.4,-147.95,top,-90
R9,100.4,-147.95,top,-90
R10,102.7,-149.55,top,-90
R11,88.29915,-107.8632,top,180
R12,120.496763,-159.360878,top,-90
R13,103.7,-149.55,top,-90
R18,63.3,-133.5,top,0
R19,68.4,-117.9,top,90
R20,72.75,-165.6,top,90
R21,114.469183,-110.390986,top,90
R22,167.476956,-107.6132,top,90
R23,114.685278,-161.050331,top,0
R24,105.775,-167.575,top,0
R25,108.2,-165.3,top,180
R26,107.15,-165.65,top,90
R27,120,-166.9,top,180
R28,119.975,-167.925,top,180
R29,72.6,-163.9,top,-90
R30,67.8,-130.5,top,90
R31,121.032544,-164.718691,top,90
R32,117.025,-171.849574,top,90
R33,134.694966,-168.225,top,0
R34,122.721997,-170.426503,top,180
R35,71.55,-163.95,top,90
R36,75.15,-168.6,top,-90
R37,164.630315,-132.018642,top,0
R38,163.03987,-138.253165,top,180
R39,160.95,-138.3,top,180
R40,120.000183,-116.486986,top,0
R41,113.5,-163.425,top,-90
R43,89.65,-143.4,top,90
R44,115.485183,-110.390986,top,90
R46,144.725,-115,top,-90
R47,146.025,-115,top,-90
R48,161.3,-144.85,top,180
R49,67.4,-117.9,top,90
R50,63.3,-116.7,top,0
R51,146.8,-116.7,top,180
R52,148.145997,-118.2468,top,90
R53,127.675,-111.3875,top,-90
R54,149.75,-110.325,top,-90
R55,159.181723,-113.6268,top,0
R56,156.617911,-113.9443,top,0
R57,169.076956,-112.55,top,-90
R58,166.251956,-110.0632,top,90
R59,147.75,-153.325,top,90
R60,86.836549,-108.3882,top,-90
R61,134.225,-114.9375,top,-90
R62,145.151,-120.189099,top,0
R63,143.331837,-127.925369,top,180
R64,139.414067,-128.265673,top,90
R65,141.203979,-120.189099,top,0
R66,145.797642,-128.265673,top,90
R67,138.10405,-149.965628,top,90
R68,137.50012,-152.293004,top,180
R69,154.9,-130.175,top,90
R70,170.226956,-110.0882,top,-90
R71,128.45,-116.6875,top,90
R72,63.3,-139.3,top,0
R73,63.3,-142.7,top,0
R74,63.3,-147.3,top,0
R75,63.3,-117.7,top,0
R76,63.3,-130.1,top,0
R77,175.7125,-109.65,top,90
R78,175.7625,-114.475,top,-90
R79,176.6375,-109.4,top,90
R80,174.7875,-114.725,top,-90
R81,168.251956,-112.55,top,-90
R82,164.625,-133.2,top,180
R83,168.251956,-107.6132,top,90
R84,127.008247,-169.622831,top,180
R85,122.025,-166.899706,top,180
R86,168.251956,-114.05,top,-90
R87,174.8625,-109.65,top,-90
R88,167.301956,-112.8,top,-90
R89,166.176956,-114.2,top,90
R90,169.151956,-107.3632,top,90
R91,167.601956,-105.3882,top,180
R92,105.775,-168.275,top,180
R93,146.575,-153.375,top,90
R94,103.425,-171.825,top,90
R95,104.125,-171.825,top,-90
R96,109.425,-169.325,top,-90
R97,108.725,-169.325,top,90
R98,88.224365,-172.825,top,0
R99,89.624365,-172.825,top,0
R100,152.632669,-125.8668,top,90
R101,159.0422,-122.6918,top,90
R102,110.5,-149.7,top,0
R103,170.018286,-120.163705,top,-90
R104,117.134184,-160.202441,top,90
R105,112.275,-164.15,top,-90
R106,167.198247,-120.022638,top,0
R107,155.05,-133.9,top,0
R108,134.625,-167.225,top,180
R109,99.6,-164.2,top,90
R110,116.1,-149.7,top,0
R111,114.7,-149.7,top,180
R112,109.1,-149.7,top,180
R113,106.25,-152.2,top,90
R114,80.75,-163.85,top,180
R115,79.2,-166.15,top,0
R116,78.3,-168.15,top,-90
R117,83.7,-166.45,top,0
R120,80.45,-139.55,top,0
R121,101.55,-143.5,top,90
R122,102.6,-142.8,top,180
R123,75.45,-140.25,top,90
R125,63.3,-138.1,top,0
R126,71.55,-165.6,top,90
R127,127.7,-139.45,top,0
R128,76.3,-155.2,top,90
R129,76.3,-156.6,top,90
R132,73.05,-144.45,top,90
R134,75.45,-143.05,top,-90
R135,77.75,-144.75,top,90
R137,76.85,-141.65,top,-90
R138,75.8,-141.3,top,0
R139,128.655,-165.65,top,180
R140,139.3,-134.5,top,180
R141,136.9,-142.45,top,180
R142,88.8,-144.45,top,180
R143,91.45,-144.8,top,90
R144,88.8,-140.95,top,180
R145,117.137485,-111.914986,top,-90
R147,91.45,-139.9,top,90
R148,112.4,-161.05,top,180
R149,112.4,-161.75,top,0
R150,80,-142.15,top,90
R152,83.1,-163.95,top,180
R153,77.25,-164.7,top,180
R154,82.3,-164.75,top,0
R155,76.85,-146.55,top,-90
R156,166.634684,-118.128524,top,180
R157,164.943997,-123.179495,top,180
RN1,106.341183,-115.216986,top,180
RN2,105.825183,-123.594986,top,-90
RN3,109.897183,-130.710986,top,-90
RN4,113.707183,-130.710986,top,-90
RN5,116.755183,-130.710986,top,-90
RN6,123.613183,-118.519986,top,0
RN7,123.613183,-114.708986,top,0
RN8,112.437183,-110.390986,top,90
SW1,62.7,-126.65,top,90
SW2,62.7,-113.65,top,90
T1,86,-147.4,top,180
T2,92,-142.7,top,-90
T3,97.65,-159.85,top,0
T4,97.65,-162.35,top,0
U1,87.5,-152.2,top,180
U2,95.3,-162.5,top,90
U3,113.4,-154.25,top,90
U4,84.5,-142.2,top,-90
U5,94.85,-143.2,top,180
U6,88.3,-149.3,top,90
U7,94.8,-150.85,top,-90
U8,112.9,-148.75,top,0
U9,87,-160.9,top,-90
U10,93.624365,-171.025,top,180
U11,85.624365,-171.025,top,180
U12,82.65,-160.9,top,90
U13,81.4,-167.9,top,180
U14,76.05,-160.9,top,-90
U15,170.239,-123.826,top,0
U16,114.025,-118.15,top,180
U17,104.3,-160.8,top,0
U18,107.4,-140.5,top,90
U19,116.317388,-167.640722,top,180
U20,162.105722,-155.59213,top,180
U21,150.146473,-114.1693,top,90
U22,127.960247,-105.6718,top,-90
U23,148.525,-141.525,top,-90
U24,71.8,-168.3,top,180
U25,78.95,-156.65,top,180
U26,106.525,-170.725,top,0
U27,89.624365,-171.025,top,180
U28,158.108864,-126.6243,top,90
U30,127.908247,-159.692441,top,180
U31,123.421997,-159.532441,top,-90
U32,74.169616,-109.5275,top,0
U33,131.872934,-163.568691,top,90
U34,107.3,-148.75,top,0
U35,107.8,-154.25,top,90
U36,115.4,-156.75,top,180
U37,124.96145,-167.233378,top,0
U38,76.6,-143.9,top,180
U39,98.024365,-171.025,top,180
U40,79.9,-165,top,-90
X1,133.366059,-170.785857,top,90
X2,151.437271,-131.805714,top,-90
X3,158.075,-141.825,top,-90
